1,Q5823,vi
2,Q571033,vi
3,Q7414,vi
4,Q2280045,vi
5,Q81294,vi
6,Q35765,vi
7,Q46,vi
8,Q421253,vi
9,Q51,vi
10,Q132659,vi
11,Q1860,vi
12,Q203,vi
13,Q46747,vi
14,Q856089,vi
15,Q12557,vi
16,Q1493218,vi
17,Q697,vi
18,Q146790,vi
19,Q127417,vi
20,Q42979,vi
21,Q200464,vi
22,Q35094,vi
23,Q928831,vi
24,Q35500,vi
25,Q42418,vi
26,Q4917,vi
27,Q186075,vi
28,Q13957,vi
29,Q1754,vi
30,Q41621,vi
31,Q18656,vi
32,Q184843,vi
33,Q195454,vi
34,Q172,vi
35,Q9202,vi
36,Q153,vi
37,Q30002,vi
38,Q1811,vi
39,Q252,vi
40,Q918,vi
41,Q173496,vi
42,Q851,vi
43,Q374365,vi
44,Q1858,vi
45,Q128570,vi
46,Q1423657,vi
47,Q187052,vi
48,Q1474884,vi
49,Q778,vi
50,Q131694,vi
51,Q13088,vi
52,Q1041,vi
53,Q92161,vi
54,Q38,vi
55,Q134494,vi
56,Q1422,vi
57,Q37951,vi
58,Q193,vi
59,Q79961,vi
60,Q413,vi
61,Q12980,vi
62,Q4628,vi
63,Q7033,vi
64,Q23548,vi
65,Q550,vi
66,Q641362,vi
67,Q37068,vi
68,Q1406,vi
69,Q238,vi
70,Q23883,vi
71,Q228,vi
72,Q784,vi
73,Q387066,vi
74,Q18633,vi
75,Q42211,vi
76,Q83276,vi
77,Q155,vi
78,Q49117,vi
79,Q8131,vi
80,Q2487,vi
81,Q6610,vi
82,Q9129,vi
83,Q16520,vi
84,Q43296,vi
85,Q487255,vi
86,Q36288,vi
87,Q185802,vi
88,Q137816,vi
89,Q45813,vi
90,Q320967,vi
91,Q1239,vi
92,Q836,vi
93,Q855,vi
94,Q13091,vi
95,Q241,vi
96,Q264456,vi
97,Q50056,vi
98,Q265,vi
99,Q59,vi
100,Q2736,vi
101,Q8201,vi
102,Q696891,vi
103,Q2283,vi
104,Q25274,vi
105,Q11772,vi
106,Q1019,vi
107,Q234510,vi
108,Q18125,vi
109,Q796,vi
110,Q13008,vi
111,Q152838,vi
112,Q881,vi
113,Q7341,vi
114,Q184963,vi
115,Q23792,vi
116,Q5301,vi
117,Q1045,vi
118,Q49088,vi
119,Q83320,vi
120,Q10257,vi
121,Q187702,vi
122,Q41506,vi
123,Q28567,vi
124,Q4087,vi
125,Q37643,vi
126,Q657,vi
127,Q525,vi
128,Q82500,vi
129,Q45700,vi
130,Q712794,vi
131,Q2773,vi
132,Q99236,vi
133,Q1754624,vi
134,Q339,vi
135,Q12562,vi
136,Q189248,vi
137,Q10460,vi
138,Q612,vi
139,Q132874,vi
140,Q14268,vi
141,Q42097,vi
142,Q182865,vi
143,Q678,vi
144,Q1143333,vi
145,Q12389,vi
146,Q188694,vi
147,Q182653,vi
148,Q664,vi
149,Q345,vi
150,Q192733,vi
151,Q220,vi
152,Q483604,vi
153,Q25282,vi
154,Q180182,vi
155,Q842,vi
156,Q23350,vi
157,Q270,vi
158,Q2432,vi
159,Q168713,vi
160,Q49085,vi
161,Q1792,vi
162,Q9061,vi
163,Q130754,vi
164,Q1780,vi
165,Q6837,vi
166,Q200325,vi
167,Q1865,vi
168,Q313,vi
169,Q8646,vi
170,Q780442,vi
171,Q7108,vi
172,Q5146,vi
173,Q20927,vi
174,Q139921,vi
175,Q683566,vi
176,Q1049,vi
177,Q1013,vi
178,Q6691,vi
179,Q41076,vi
180,Q757,vi
181,Q1156,vi
182,Q312,vi
183,Q4658,vi
184,Q823591,vi
185,Q456,vi
186,Q44440,vi
187,Q7781,vi
188,Q740780,vi
189,Q37340,vi
190,Q2469,vi
191,Q134301,vi
192,Q2111,vi
193,Q191788,vi
194,Q35355,vi
195,Q2407,vi
196,Q18625,vi
197,Q186012,vi
198,Q18216,vi
199,Q826,vi
200,Q6403,vi
201,Q184425,vi
202,Q42780,vi
203,Q12567,vi
204,Q855198,vi
205,Q2256,vi
206,Q1486,vi
207,Q869,vi
208,Q106333,vi
209,Q101452,vi
210,Q9199,vi
211,Q79897,vi
212,Q225,vi
213,Q26678,vi
214,Q763,vi
215,Q79965,vi
216,Q5764,vi
217,Q105570,vi
218,Q69808,vi
219,Q234025,vi
220,Q7270,vi
221,Q79911,vi
222,Q733498,vi
223,Q56036,vi
224,Q12138,vi
225,Q188439,vi
226,Q8740,vi
227,Q185264,vi
228,Q183536,vi
229,Q5813,vi
230,Q485500,vi
231,Q221734,vi
232,Q18623,vi
233,Q407473,vi
234,Q10390,vi
235,Q25290,vi
236,Q155174,vi
237,Q11254,vi
238,Q596,vi
239,Q80290,vi
240,Q523469,vi
241,Q297315,vi
242,Q2843,vi
243,Q6294,vi
244,Q83303,vi
245,Q235311,vi
246,Q32,vi
247,Q64,vi
248,Q8134,vi
249,Q15854651,vi
250,Q712488,vi
251,Q106123,vi
252,Q712,vi
253,Q204342,vi
254,Q5165,vi
255,Q3130,vi
256,Q66,vi
257,Q37129,vi
258,Q244985,vi
259,Q205922,vi
260,Q490,vi
261,Q1009,vi
262,Q12126,vi
263,Q833,vi
264,Q3266236,vi
265,Q75110,vi
266,Q289,vi
267,Q928,vi
268,Q180012,vi
269,Q936285,vi
270,Q472,vi
271,Q8093,vi
272,Q483522,vi
273,Q3838,vi
274,Q750,vi
275,Q16552,vi
276,Q266923,vi
277,Q7850,vi
278,Q9326,vi
279,Q8663,vi
280,Q7462,vi
281,Q2155,vi
282,Q43070,vi
283,Q12876,vi
284,Q2599,vi
285,Q1707,vi
286,Q179691,vi
287,Q11934,vi
288,Q1055705,vi
289,Q1030,vi
290,Q79,vi
291,Q35,vi
292,Q1861,vi
293,Q49,vi
294,Q150812,vi
295,Q1055,vi
296,Q170174,vi
297,Q207316,vi
298,Q39864,vi
299,Q188163,vi
300,Q2831,vi
301,Q5468,vi
302,Q193461,vi
303,Q45792,vi
304,Q1988,vi
305,Q1246,vi
306,Q178481,vi
307,Q347,vi
308,Q3033,vi
309,Q70802,vi
310,Q15777,vi
311,Q7813,vi
312,Q16554,vi
313,Q49628,vi
314,Q1197298,vi
315,Q158940,vi
316,Q37122,vi
317,Q9089,vi
318,Q2088,vi
319,Q80978,vi
320,Q518169,vi
321,Q13298,vi
322,Q57055,vi
323,Q7860,vi
324,Q7747,vi
325,Q2025,vi
326,Q33946,vi
327,Q2091482,vi
328,Q7838,vi
329,Q15645384,vi
330,Q30,vi
331,Q805,vi
332,Q23438,vi
333,Q1993476,vi
334,Q242803,vi
335,Q3897,vi
336,Q215,vi
337,Q17139,vi
338,Q39231,vi
339,Q269,vi
340,Q154849,vi
341,Q253414,vi
342,Q3616,vi
343,Q60235,vi
344,Q81931,vi
345,Q17070,vi
346,Q1995,vi
347,Q1055893,vi
348,Q25271,vi
349,Q41187,vi
350,Q749,vi
351,Q2145,vi
352,Q83891,vi
353,Q186572,vi
354,Q882,vi
355,Q1418,vi
356,Q1036,vi
357,Q4692,vi
358,Q156312,vi
359,Q111,vi
360,Q1353,vi
361,Q8686,vi
362,Q12560,vi
363,Q617,vi
364,Q8008,vi
365,Q16635,vi
366,Q228389,vi
367,Q92258250,vi
368,Q7204,vi
369,Q943,vi
370,Q1631090,vi
371,Q7272,vi
372,Q244,vi
373,Q712701,vi
374,Q9684,vi
375,Q21196,vi
376,Q26075,vi
377,Q2695156,vi
378,Q9581,vi
379,Q1990,vi
380,Q7661,vi
381,Q14773,vi
382,Q48189,vi
383,Q13706,vi
384,Q517,vi
385,Q210548,vi
386,Q2236203,vi
387,Q143,vi
388,Q18389,vi
389,Q13371,vi
390,Q460584,vi
391,Q1359568,vi
392,Q180,vi
393,Q1731,vi
394,Q2341090,vi
395,Q173034,vi
396,Q8766,vi
397,Q1575,vi
398,Q192055,vi
399,Q478595,vi
400,Q162345,vi
401,Q1987,vi
402,Q2868,vi
403,Q5151,vi
404,Q11725,vi
405,Q32746,vi
406,Q131572,vi
407,Q163820,vi
408,Q9325,vi
409,Q25475,vi
410,Q233,vi
411,Q183,vi
412,Q905750,vi
413,Q6206,vi
414,Q129677,vi
415,Q190117,vi
416,Q212,vi
417,Q41329,vi
418,Q712477,vi
419,Q2002,vi
420,Q1461,vi
421,Q4653,vi
422,Q696242,vi
423,Q172640,vi
424,Q9068,vi
425,Q19085,vi
426,Q6465,vi
427,Q12013,vi
428,Q407431,vi
429,Q34713,vi
430,Q2014,vi
431,Q58024,vi
432,Q231218,vi
433,Q1042,vi
434,Q611552,vi
435,Q12975,vi
436,Q361,vi
437,Q55643,vi
438,Q14116,vi
439,Q7209,vi
440,Q320670,vi
441,Q716,vi
442,Q29913,vi
443,Q8434,vi
444,Q258,vi
445,Q11255,vi
446,Q27306,vi
447,Q190795,vi
448,Q161376,vi
449,Q1033,vi
450,Q117,vi
451,Q6074,vi
452,Q1647,vi
453,Q5310,vi
454,Q79037,vi
455,Q584905,vi
456,Q308950,vi
457,Q37100,vi
458,Q188822,vi
459,Q8475,vi
460,Q550596,vi
461,Q173136,vi
462,Q37587,vi
463,Q22880,vi
464,Q878,vi
465,Q408668,vi
466,Q38799,vi
467,Q45,vi
468,Q9401,vi
469,Q77,vi
470,Q1191688,vi
471,Q142,vi
472,Q717,vi
473,Q217230,vi
474,Q42956,vi
475,Q849477,vi
476,Q6927,vi
477,Q1994,vi
478,Q1996007,vi
479,Q736,vi
480,Q34852,vi
481,Q223,vi
482,Q48175,vi
483,Q201,vi
484,Q133274,vi
485,Q12536,vi
486,Q8268,vi
487,Q47690,vi
488,Q774,vi
489,Q408,vi
490,Q262,vi
491,Q153136,vi
492,Q7184,vi
493,Q24639,vi
494,Q53268,vi
495,Q142539,vi
496,Q2251,vi
497,Q9589,vi
498,Q897,vi
499,Q243354,vi
500,Q1027,vi
501,Q405497,vi
502,Q9588,vi
503,Q1543,vi
504,Q81571,vi
505,Q189298,vi
506,Q46242,vi
507,Q4576,vi
508,Q1985,vi
509,Q56037,vi
510,Q924,vi
511,Q136484,vi
512,Q355,vi
513,Q800,vi
514,Q170603,vi
515,Q2019,vi
516,Q178473,vi
517,Q174396,vi
518,Q84090,vi
519,Q42622,vi
520,Q11438,vi
521,Q9598,vi
522,Q1161666,vi
523,Q4118,vi
524,Q49108,vi
525,Q1039,vi
526,Q2978,vi
527,Q1718656,vi
528,Q739711,vi
529,Q576338,vi
530,Q1711,vi
531,Q505654,vi
532,Q35216,vi
533,Q2415901,vi
534,Q542767,vi
535,Q1930,vi
536,Q8683,vi
537,Q2425,vi
538,Q101935,vi
539,Q48240,vi
540,Q337535,vi
541,Q917,vi
542,Q858338,vi
543,Q189823,vi
544,Q3138,vi
545,Q170322,vi
546,Q3012,vi
547,Q65,vi
548,Q8242,vi
549,Q319831,vi
550,Q30623,vi
551,Q574,vi
552,Q60,vi
553,Q39193,vi
554,Q206921,vi
555,Q143821,vi
556,Q24826,vi
557,Q41213,vi
558,Q1741,vi
559,Q42807,vi
560,Q297871,vi
561,Q2280,vi
562,Q3920,vi
563,Q1091,vi
564,Q46118,vi
565,Q14112,vi
566,Q2084,vi
567,Q36747,vi
568,Q106583,vi
569,Q131612,vi
570,Q758,vi
571,Q16644,vi
572,Q23311,vi
573,Q6534,vi
574,Q26298,vi
575,Q161904,vi
576,Q187830,vi
577,Q28513,vi
578,Q47611,vi
579,Q1020,vi
580,Q131454,vi
581,Q16950,vi
582,Q159386,vi
583,Q983,vi
584,Q33680,vi
585,Q11759,vi
586,Q22686,vi
587,Q9141,vi
588,Q20934,vi
589,Q420,vi
590,Q171877,vi
591,Q49210,vi
592,Q13076,vi
593,Q21,vi
594,Q2944360,vi
595,Q963,vi
596,Q324,vi
597,Q6550,vi
598,Q41283,vi
599,Q29999,vi
600,Q889,vi
601,Q15718,vi
602,Q1770,vi
603,Q14960,vi
604,Q319531,vi
605,Q415563,vi
606,Q51624,vi
607,Q861888,vi
608,Q42262,vi
609,Q780,vi
610,Q691,vi
611,Q967,vi
612,Q891,vi
613,Q2634,vi
614,Q1016,vi
615,Q483938,vi
616,Q464200,vi
617,Q209538,vi
618,Q37470,vi
619,Q702,vi
620,Q62651,vi
621,Q48320,vi
622,Q212056,vi
623,Q781,vi
624,Q16952,vi
625,Q1142035,vi
626,Q12554,vi
627,Q7817,vi
628,Q1998,vi
629,Q38918,vi
630,Q585,vi
631,Q151622,vi
632,Q601,vi
633,Q11764,vi
634,Q185905,vi
635,Q184292,vi
636,Q190353,vi
637,Q2476,vi
638,Q70972,vi
639,Q708789,vi
640,Q7787,vi
641,Q915,vi
642,Q172107,vi
643,Q14041,vi
644,Q154720,vi
645,Q47512,vi
646,Q1963,vi
647,Q942187,vi
648,Q2083,vi
649,Q35493,vi
650,Q40984,vi
651,Q174009,vi
652,Q531,vi
653,Q1007,vi
654,Q925,vi
655,Q13084,vi
656,Q177524,vi
657,Q161053,vi
658,Q291301,vi
659,Q23768,vi
660,Q2331,vi
661,Q9960,vi
662,Q710,vi
663,Q3496556,vi
664,Q139380,vi
665,Q51615,vi
666,Q5826,vi
667,Q39018,vi
668,Q6602,vi
669,Q131416,vi
670,Q989,vi
671,Q31945,vi
672,Q1394,vi
673,Q698,vi
674,Q215443,vi
675,Q5859,vi
676,Q36,vi
677,Q27275,vi
678,Q254,vi
679,Q169134,vi
680,Q689141,vi
681,Q2173,vi
682,Q47543,vi
683,Q170314,vi
684,Q1085,vi
685,Q122131,vi
686,Q17,vi
687,Q230791,vi
688,Q159709,vi
689,Q2100,vi
690,Q4461035,vi
691,Q71719,vi
692,Q32491,vi
693,Q1370,vi
694,Q4970,vi
695,Q162691,vi
696,Q154255,vi
697,Q9903,vi
698,Q5372,vi
699,Q1088283,vi
700,Q1850,vi
701,Q36633,vi
702,Q11767,vi
703,Q649,vi
704,Q337097,vi
705,Q1029902,vi
706,Q84,vi
707,Q3884,vi
708,Q25,vi
709,Q43453,vi
710,Q23427,vi
711,Q334,vi
712,Q456157,vi
713,Q483551,vi
714,Q3630,vi
715,Q9334,vi
716,Q3427,vi
717,Q12548,vi
718,Q209380,vi
719,Q5743,vi
720,Q38964,vi
721,Q208324,vi
722,Q484458,vi
723,Q16410,vi
724,Q296187,vi
725,Q941127,vi
726,Q552581,vi
727,Q34217,vi
728,Q340,vi
729,Q42884,vi
730,Q23488,vi
731,Q384544,vi
732,Q170919,vi
733,Q251868,vi
734,Q189,vi
735,Q842794,vi
736,Q29552,vi
737,Q929,vi
738,Q10288,vi
739,Q2087,vi
740,Q39,vi
741,Q9916,vi
742,Q843,vi
743,Q1040,vi
744,Q2005,vi
745,Q106039,vi
746,Q1523,vi
747,Q109374,vi
748,Q473845,vi
749,Q6567,vi
750,Q12457,vi
751,Q323,vi
752,Q9149,vi
753,Q9240,vi
754,Q34370,vi
755,Q171477,vi
756,Q21199,vi
757,Q50265665,vi
758,Q57965,vi
759,Q170468,vi
760,Q7318,vi
761,Q23767,vi
762,Q956,vi
763,Q152,vi
764,Q5112,vi
765,Q118398,vi
766,Q907112,vi
767,Q200,vi
768,Q419,vi
769,Q817,vi
770,Q202763,vi
771,Q2150,vi
772,Q459,vi
773,Q29540,vi
774,Q19848,vi
775,Q2439,vi
776,Q716566,vi
777,Q159,vi
778,Q272560,vi
779,Q12512,vi
780,Q194207,vi
781,Q713750,vi
782,Q1011,vi
783,Q483959,vi
784,Q12506,vi
785,Q12176,vi
786,Q945,vi
787,Q80949,vi
788,Q51118,vi
789,Q846,vi
790,Q187549,vi
791,Q36678,vi
792,Q685,vi
793,Q1006,vi
794,Q13205,vi
795,Q359,vi
796,Q188559,vi
797,Q1629164,vi
798,Q481778,vi
799,Q2079,vi
800,Q1044,vi
801,Q11351,vi
802,Q24879,vi
803,Q217583,vi
804,Q5484,vi
805,Q191485,vi
806,Q11033,vi
807,Q937,vi
808,Q34266,vi
809,Q7313,vi
810,Q1203,vi
811,Q66477109,vi
812,Q1183,vi
813,Q160120,vi
814,Q13474305,vi
815,Q544,vi
816,Q645708,vi
817,Q372657,vi
818,Q11696,vi
819,Q34,vi
820,Q173998,vi
821,Q971,vi
822,Q392119,vi
823,Q68481,vi
824,Q735430,vi
825,Q44578,vi
826,Q501758,vi
827,Q3889,vi
828,Q43,vi
829,Q13096,vi
830,Q12183,vi
831,Q1781,vi
832,Q7174,vi
833,Q584,vi
834,Q239502,vi
835,Q133132,vi
836,Q618400,vi
837,Q332,vi
838,Q174825,vi
839,Q34201,vi
840,Q15789,vi
841,Q11393,vi
842,Q12501,vi
843,Q153770,vi
844,Q1996,vi
845,Q726146,vi
846,Q8054,vi
847,Q739,vi
848,Q711,vi
849,Q5083,vi
850,Q39121,vi
851,Q858,vi
852,Q769,vi
853,Q509284,vi
854,Q41576,vi
855,Q45368,vi
856,Q133356,vi
857,Q5831,vi
858,Q1489,vi
859,Q730,vi
860,Q351,vi
861,Q2235,vi
862,Q3933,vi
863,Q503585,vi
864,Q734,vi
865,Q488,vi
866,Q474200,vi
867,Q3820,vi
868,Q1365493,vi
869,Q232,vi
870,Q319,vi
871,Q9683,vi
872,Q5188,vi
873,Q727245,vi
874,Q1005,vi
875,Q113215,vi
876,Q7156,vi
877,Q7794,vi
878,Q187854,vi
879,Q219,vi
880,Q586,vi
881,Q115,vi
882,Q382861,vi
883,Q26463,vi
884,Q26,vi
885,Q157169,vi
886,Q2981,vi
887,Q811,vi
888,Q32112,vi
889,Q5268,vi
890,Q128115,vi
891,Q82268,vi
892,Q1156046,vi
893,Q17252,vi
894,Q44914,vi
895,Q3859,vi
896,Q5168,vi
897,Q193559,vi
898,Q128938,vi
899,Q216786,vi
900,Q11773777,vi
901,Q676203,vi
902,Q8209,vi
903,Q192541,vi
904,Q38234,vi
905,Q161210,vi
906,Q11739,vi
907,Q162867,vi
908,Q36704,vi
909,Q641,vi
910,Q11736,vi
911,Q41254,vi
912,Q640325,vi
913,Q987,vi
914,Q71,vi
915,Q103204,vi
916,Q2429253,vi
917,Q8442,vi
918,Q71084,vi
919,Q1107,vi
920,Q807,vi
921,Q161414,vi
922,Q133405,vi
923,Q970,vi
924,Q2077,vi
925,Q695,vi
926,Q19878,vi
927,Q51740,vi
928,Q333954,vi
929,Q69829,vi
930,Q7715973,vi
931,Q85,vi
932,Q204268,vi
933,Q15610,vi
934,Q2028,vi
935,Q2444884,vi
936,Q422662,vi
937,Q414,vi
938,Q16572,vi
939,Q174193,vi
940,Q786,vi
941,Q2277,vi
942,Q330988,vi
943,Q7619,vi
944,Q819,vi
945,Q1004,vi
946,Q11575,vi
947,Q18543,vi
948,Q918316,vi
949,Q33,vi
950,Q216243,vi
951,Q632212,vi
952,Q3142,vi
953,Q34600,vi
954,Q712728,vi
955,Q432,vi
956,Q155975,vi
957,Q406,vi
958,Q11184,vi
959,Q176772,vi
960,Q715162,vi
961,Q1722,vi
962,Q19675,vi
963,Q934700,vi
964,Q507,vi
965,Q912,vi
966,Q191130,vi
967,Q170072,vi
968,Q8932,vi
969,Q190464,vi
970,Q629,vi
971,Q699964,vi
972,Q128444,vi
973,Q2094,vi
974,Q62633,vi
975,Q8810,vi
976,Q96,vi
977,Q4100,vi
978,Q7172,vi
979,Q1968,vi
980,Q80034,vi
981,Q521902,vi
982,Q176132,vi
983,Q235,vi
984,Q494354,vi
985,Q174423,vi
986,Q11344,vi
987,Q866,vi
988,Q1748,vi
989,Q35572,vi
990,Q14048,vi
991,Q1854,vi
992,Q137271,vi
993,Q172579,vi
994,Q5292,vi
995,Q32141,vi
996,Q7264,vi
997,Q95,vi
998,Q790,vi
999,Q485,vi
1000,Q25291,vi
1001,Q5823,en
1002,Q571033,en
1003,Q7414,en
1004,Q2280045,en
1005,Q81294,en
1006,Q35765,en
1007,Q46,en
1008,Q421253,en
1009,Q51,en
1010,Q132659,en
1011,Q1860,en
1012,Q203,en
1013,Q46747,en
1014,Q856089,en
1015,Q12557,en
1016,Q1493218,en
1017,Q697,en
1018,Q146790,en
1019,Q127417,en
1020,Q42979,en
1021,Q200464,en
1022,Q35094,en
1023,Q928831,en
1024,Q35500,en
1025,Q42418,en
1026,Q4917,en
1027,Q186075,en
1028,Q13957,en
1029,Q1754,en
1030,Q41621,en
1031,Q18656,en
1032,Q184843,en
1033,Q195454,en
1034,Q172,en
1035,Q9202,en
1036,Q153,en
1037,Q30002,en
1038,Q1811,en
1039,Q252,en
1040,Q918,en
1041,Q173496,en
1042,Q851,en
1043,Q374365,en
1044,Q1858,en
1045,Q128570,en
1046,Q1423657,en
1047,Q187052,en
1048,Q1474884,en
1049,Q778,en
1050,Q131694,en
1051,Q13088,en
1052,Q1041,en
1053,Q92161,en
1054,Q38,en
1055,Q134494,en
1056,Q1422,en
1057,Q37951,en
1058,Q193,en
1059,Q79961,en
1060,Q413,en
1061,Q12980,en
1062,Q4628,en
1063,Q7033,en
1064,Q23548,en
1065,Q550,en
1066,Q641362,en
1067,Q37068,en
1068,Q1406,en
1069,Q238,en
1070,Q23883,en
1071,Q228,en
1072,Q784,en
1073,Q387066,en
1074,Q18633,en
1075,Q42211,en
1076,Q83276,en
1077,Q155,en
1078,Q49117,en
1079,Q8131,en
1080,Q2487,en
1081,Q6610,en
1082,Q9129,en
1083,Q16520,en
1084,Q43296,en
1085,Q487255,en
1086,Q36288,en
1087,Q185802,en
1088,Q137816,en
1089,Q45813,en
1090,Q320967,en
1091,Q1239,en
1092,Q836,en
1093,Q855,en
1094,Q13091,en
1095,Q241,en
1096,Q264456,en
1097,Q50056,en
1098,Q265,en
1099,Q59,en
1100,Q2736,en
1101,Q8201,en
1102,Q696891,en
1103,Q2283,en
1104,Q25274,en
1105,Q11772,en
1106,Q1019,en
1107,Q234510,en
1108,Q18125,en
1109,Q796,en
1110,Q13008,en
1111,Q152838,en
1112,Q881,en
1113,Q7341,en
1114,Q184963,en
1115,Q23792,en
1116,Q5301,en
1117,Q1045,en
1118,Q49088,en
1119,Q83320,en
1120,Q10257,en
1121,Q187702,en
1122,Q41506,en
1123,Q28567,en
1124,Q4087,en
1125,Q37643,en
1126,Q657,en
1127,Q525,en
1128,Q82500,en
1129,Q45700,en
1130,Q712794,en
1131,Q2773,en
1132,Q99236,en
1133,Q1754624,en
1134,Q339,en
1135,Q12562,en
1136,Q189248,en
1137,Q10460,en
1138,Q612,en
1139,Q132874,en
1140,Q14268,en
1141,Q42097,en
1142,Q182865,en
1143,Q678,en
1144,Q1143333,en
1145,Q12389,en
1146,Q188694,en
1147,Q182653,en
1148,Q664,en
1149,Q345,en
1150,Q192733,en
1151,Q220,en
1152,Q483604,en
1153,Q25282,en
1154,Q180182,en
1155,Q842,en
1156,Q23350,en
1157,Q270,en
1158,Q2432,en
1159,Q168713,en
1160,Q49085,en
1161,Q1792,en
1162,Q9061,en
1163,Q130754,en
1164,Q1780,en
1165,Q6837,en
1166,Q200325,en
1167,Q1865,en
1168,Q313,en
1169,Q8646,en
1170,Q780442,en
1171,Q7108,en
1172,Q5146,en
1173,Q20927,en
1174,Q139921,en
1175,Q683566,en
1176,Q1049,en
1177,Q1013,en
1178,Q6691,en
1179,Q41076,en
1180,Q757,en
1181,Q1156,en
1182,Q312,en
1183,Q4658,en
1184,Q823591,en
1185,Q456,en
1186,Q44440,en
1187,Q7781,en
1188,Q740780,en
1189,Q37340,en
1190,Q2469,en
1191,Q134301,en
1192,Q2111,en
1193,Q191788,en
1194,Q35355,en
1195,Q2407,en
1196,Q18625,en
1197,Q186012,en
1198,Q18216,en
1199,Q826,en
1200,Q6403,en
1201,Q184425,en
1202,Q42780,en
1203,Q12567,en
1204,Q855198,en
1205,Q2256,en
1206,Q1486,en
1207,Q869,en
1208,Q106333,en
1209,Q101452,en
1210,Q9199,en
1211,Q79897,en
1212,Q225,en
1213,Q26678,en
1214,Q763,en
1215,Q79965,en
1216,Q5764,en
1217,Q105570,en
1218,Q69808,en
1219,Q234025,en
1220,Q7270,en
1221,Q79911,en
1222,Q733498,en
1223,Q56036,en
1224,Q12138,en
1225,Q188439,en
1226,Q8740,en
1227,Q185264,en
1228,Q183536,en
1229,Q5813,en
1230,Q485500,en
1231,Q221734,en
1232,Q18623,en
1233,Q407473,en
1234,Q10390,en
1235,Q25290,en
1236,Q155174,en
1237,Q11254,en
1238,Q596,en
1239,Q80290,en
1240,Q523469,en
1241,Q297315,en
1242,Q2843,en
1243,Q6294,en
1244,Q83303,en
1245,Q235311,en
1246,Q32,en
1247,Q64,en
1248,Q8134,en
1249,Q15854651,en
1250,Q712488,en
1251,Q106123,en
1252,Q712,en
1253,Q204342,en
1254,Q5165,en
1255,Q3130,en
1256,Q66,en
1257,Q37129,en
1258,Q244985,en
1259,Q205922,en
1260,Q490,en
1261,Q1009,en
1262,Q12126,en
1263,Q833,en
1264,Q3266236,en
1265,Q75110,en
1266,Q289,en
1267,Q928,en
1268,Q180012,en
1269,Q936285,en
1270,Q472,en
1271,Q8093,en
1272,Q483522,en
1273,Q3838,en
1274,Q750,en
1275,Q16552,en
1276,Q266923,en
1277,Q7850,en
1278,Q9326,en
1279,Q8663,en
1280,Q7462,en
1281,Q2155,en
1282,Q43070,en
1283,Q12876,en
1284,Q2599,en
1285,Q1707,en
1286,Q179691,en
1287,Q11934,en
1288,Q1055705,en
1289,Q1030,en
1290,Q79,en
1291,Q35,en
1292,Q1861,en
1293,Q49,en
1294,Q150812,en
1295,Q1055,en
1296,Q170174,en
1297,Q207316,en
1298,Q39864,en
1299,Q188163,en
1300,Q2831,en
1301,Q5468,en
1302,Q193461,en
1303,Q45792,en
1304,Q1988,en
1305,Q1246,en
1306,Q178481,en
1307,Q347,en
1308,Q3033,en
1309,Q70802,en
1310,Q15777,en
1311,Q7813,en
1312,Q16554,en
1313,Q49628,en
1314,Q1197298,en
1315,Q158940,en
1316,Q37122,en
1317,Q9089,en
1318,Q2088,en
1319,Q80978,en
1320,Q518169,en
1321,Q13298,en
1322,Q57055,en
1323,Q7860,en
1324,Q7747,en
1325,Q2025,en
1326,Q33946,en
1327,Q2091482,en
1328,Q7838,en
1329,Q15645384,en
1330,Q30,en
1331,Q805,en
1332,Q23438,en
1333,Q1993476,en
1334,Q242803,en
1335,Q3897,en
1336,Q215,en
1337,Q17139,en
1338,Q39231,en
1339,Q269,en
1340,Q154849,en
1341,Q253414,en
1342,Q3616,en
1343,Q60235,en
1344,Q81931,en
1345,Q17070,en
1346,Q1995,en
1347,Q1055893,en
1348,Q25271,en
1349,Q41187,en
1350,Q749,en
1351,Q2145,en
1352,Q83891,en
1353,Q186572,en
1354,Q882,en
1355,Q1418,en
1356,Q1036,en
1357,Q4692,en
1358,Q156312,en
1359,Q111,en
1360,Q1353,en
1361,Q8686,en
1362,Q12560,en
1363,Q617,en
1364,Q8008,en
1365,Q16635,en
1366,Q228389,en
1367,Q92258250,en
1368,Q7204,en
1369,Q943,en
1370,Q1631090,en
1371,Q7272,en
1372,Q244,en
1373,Q712701,en
1374,Q9684,en
1375,Q21196,en
1376,Q26075,en
1377,Q2695156,en
1378,Q9581,en
1379,Q1990,en
1380,Q7661,en
1381,Q14773,en
1382,Q48189,en
1383,Q13706,en
1384,Q517,en
1385,Q210548,en
1386,Q2236203,en
1387,Q143,en
1388,Q18389,en
1389,Q13371,en
1390,Q460584,en
1391,Q1359568,en
1392,Q180,en
1393,Q1731,en
1394,Q2341090,en
1395,Q173034,en
1396,Q8766,en
1397,Q1575,en
1398,Q192055,en
1399,Q478595,en
1400,Q162345,en
1401,Q1987,en
1402,Q2868,en
1403,Q5151,en
1404,Q11725,en
1405,Q32746,en
1406,Q131572,en
1407,Q163820,en
1408,Q9325,en
1409,Q25475,en
1410,Q233,en
1411,Q183,en
1412,Q905750,en
1413,Q6206,en
1414,Q129677,en
1415,Q190117,en
1416,Q212,en
1417,Q41329,en
1418,Q712477,en
1419,Q2002,en
1420,Q1461,en
1421,Q4653,en
1422,Q696242,en
1423,Q172640,en
1424,Q9068,en
1425,Q19085,en
1426,Q6465,en
1427,Q12013,en
1428,Q407431,en
1429,Q34713,en
1430,Q2014,en
1431,Q58024,en
1432,Q231218,en
1433,Q1042,en
1434,Q611552,en
1435,Q12975,en
1436,Q361,en
1437,Q55643,en
1438,Q14116,en
1439,Q7209,en
1440,Q320670,en
1441,Q716,en
1442,Q29913,en
1443,Q8434,en
1444,Q258,en
1445,Q11255,en
1446,Q27306,en
1447,Q190795,en
1448,Q161376,en
1449,Q1033,en
1450,Q117,en
1451,Q6074,en
1452,Q1647,en
1453,Q5310,en
1454,Q79037,en
1455,Q584905,en
1456,Q308950,en
1457,Q37100,en
1458,Q188822,en
1459,Q8475,en
1460,Q550596,en
1461,Q173136,en
1462,Q37587,en
1463,Q22880,en
1464,Q878,en
1465,Q408668,en
1466,Q38799,en
1467,Q45,en
1468,Q9401,en
1469,Q77,en
1470,Q1191688,en
1471,Q142,en
1472,Q717,en
1473,Q217230,en
1474,Q42956,en
1475,Q849477,en
1476,Q6927,en
1477,Q1994,en
1478,Q1996007,en
1479,Q736,en
1480,Q34852,en
1481,Q223,en
1482,Q48175,en
1483,Q201,en
1484,Q133274,en
1485,Q12536,en
1486,Q8268,en
1487,Q47690,en
1488,Q774,en
1489,Q408,en
1490,Q262,en
1491,Q153136,en
1492,Q7184,en
1493,Q24639,en
1494,Q53268,en
1495,Q142539,en
1496,Q2251,en
1497,Q9589,en
1498,Q897,en
1499,Q243354,en
1500,Q1027,en
1501,Q405497,en
1502,Q9588,en
1503,Q1543,en
1504,Q81571,en
1505,Q189298,en
1506,Q46242,en
1507,Q4576,en
1508,Q1985,en
1509,Q56037,en
1510,Q924,en
1511,Q136484,en
1512,Q355,en
1513,Q800,en
1514,Q170603,en
1515,Q2019,en
1516,Q178473,en
1517,Q174396,en
1518,Q84090,en
1519,Q42622,en
1520,Q11438,en
1521,Q9598,en
1522,Q1161666,en
1523,Q4118,en
1524,Q49108,en
1525,Q1039,en
1526,Q2978,en
1527,Q1718656,en
1528,Q739711,en
1529,Q576338,en
1530,Q1711,en
1531,Q505654,en
1532,Q35216,en
1533,Q2415901,en
1534,Q542767,en
1535,Q1930,en
1536,Q8683,en
1537,Q2425,en
1538,Q101935,en
1539,Q48240,en
1540,Q337535,en
1541,Q917,en
1542,Q858338,en
1543,Q189823,en
1544,Q3138,en
1545,Q170322,en
1546,Q3012,en
1547,Q65,en
1548,Q8242,en
1549,Q319831,en
1550,Q30623,en
1551,Q574,en
1552,Q60,en
1553,Q39193,en
1554,Q206921,en
1555,Q143821,en
1556,Q24826,en
1557,Q41213,en
1558,Q1741,en
1559,Q42807,en
1560,Q297871,en
1561,Q2280,en
1562,Q3920,en
1563,Q1091,en
1564,Q46118,en
1565,Q14112,en
1566,Q2084,en
1567,Q36747,en
1568,Q106583,en
1569,Q131612,en
1570,Q758,en
1571,Q16644,en
1572,Q23311,en
1573,Q6534,en
1574,Q26298,en
1575,Q161904,en
1576,Q187830,en
1577,Q28513,en
1578,Q47611,en
1579,Q1020,en
1580,Q131454,en
1581,Q16950,en
1582,Q159386,en
1583,Q983,en
1584,Q33680,en
1585,Q11759,en
1586,Q22686,en
1587,Q9141,en
1588,Q20934,en
1589,Q420,en
1590,Q171877,en
1591,Q49210,en
1592,Q13076,en
1593,Q21,en
1594,Q2944360,en
1595,Q963,en
1596,Q324,en
1597,Q6550,en
1598,Q41283,en
1599,Q29999,en
1600,Q889,en
1601,Q15718,en
1602,Q1770,en
1603,Q14960,en
1604,Q319531,en
1605,Q415563,en
1606,Q51624,en
1607,Q861888,en
1608,Q42262,en
1609,Q780,en
1610,Q691,en
1611,Q967,en
1612,Q891,en
1613,Q2634,en
1614,Q1016,en
1615,Q483938,en
1616,Q464200,en
1617,Q209538,en
1618,Q37470,en
1619,Q702,en
1620,Q62651,en
1621,Q48320,en
1622,Q212056,en
1623,Q781,en
1624,Q16952,en
1625,Q1142035,en
1626,Q12554,en
1627,Q7817,en
1628,Q1998,en
1629,Q38918,en
1630,Q585,en
1631,Q151622,en
1632,Q601,en
1633,Q11764,en
1634,Q185905,en
1635,Q184292,en
1636,Q190353,en
1637,Q2476,en
1638,Q70972,en
1639,Q708789,en
1640,Q7787,en
1641,Q915,en
1642,Q172107,en
1643,Q14041,en
1644,Q154720,en
1645,Q47512,en
1646,Q1963,en
1647,Q942187,en
1648,Q2083,en
1649,Q35493,en
1650,Q40984,en
1651,Q174009,en
1652,Q531,en
1653,Q1007,en
1654,Q925,en
1655,Q13084,en
1656,Q177524,en
1657,Q161053,en
1658,Q291301,en
1659,Q23768,en
1660,Q2331,en
1661,Q9960,en
1662,Q710,en
1663,Q3496556,en
1664,Q139380,en
1665,Q51615,en
1666,Q5826,en
1667,Q39018,en
1668,Q6602,en
1669,Q131416,en
1670,Q989,en
1671,Q31945,en
1672,Q1394,en
1673,Q698,en
1674,Q215443,en
1675,Q5859,en
1676,Q36,en
1677,Q27275,en
1678,Q254,en
1679,Q169134,en
1680,Q689141,en
1681,Q2173,en
1682,Q47543,en
1683,Q170314,en
1684,Q1085,en
1685,Q122131,en
1686,Q17,en
1687,Q230791,en
1688,Q159709,en
1689,Q2100,en
1690,Q4461035,en
1691,Q71719,en
1692,Q32491,en
1693,Q1370,en
1694,Q4970,en
1695,Q162691,en
1696,Q154255,en
1697,Q9903,en
1698,Q5372,en
1699,Q1088283,en
1700,Q1850,en
1701,Q36633,en
1702,Q11767,en
1703,Q649,en
1704,Q337097,en
1705,Q1029902,en
1706,Q84,en
1707,Q3884,en
1708,Q25,en
1709,Q43453,en
1710,Q23427,en
1711,Q334,en
1712,Q456157,en
1713,Q483551,en
1714,Q3630,en
1715,Q9334,en
1716,Q3427,en
1717,Q12548,en
1718,Q209380,en
1719,Q5743,en
1720,Q38964,en
1721,Q208324,en
1722,Q484458,en
1723,Q16410,en
1724,Q296187,en
1725,Q941127,en
1726,Q552581,en
1727,Q34217,en
1728,Q340,en
1729,Q42884,en
1730,Q23488,en
1731,Q384544,en
1732,Q170919,en
1733,Q251868,en
1734,Q189,en
1735,Q842794,en
1736,Q29552,en
1737,Q929,en
1738,Q10288,en
1739,Q2087,en
1740,Q39,en
1741,Q9916,en
1742,Q843,en
1743,Q1040,en
1744,Q2005,en
1745,Q106039,en
1746,Q1523,en
1747,Q109374,en
1748,Q473845,en
1749,Q6567,en
1750,Q12457,en
1751,Q323,en
1752,Q9149,en
1753,Q9240,en
1754,Q34370,en
1755,Q171477,en
1756,Q21199,en
1757,Q50265665,en
1758,Q57965,en
1759,Q170468,en
1760,Q7318,en
1761,Q23767,en
1762,Q956,en
1763,Q152,en
1764,Q5112,en
1765,Q118398,en
1766,Q907112,en
1767,Q200,en
1768,Q419,en
1769,Q817,en
1770,Q202763,en
1771,Q2150,en
1772,Q459,en
1773,Q29540,en
1774,Q19848,en
1775,Q2439,en
1776,Q716566,en
1777,Q159,en
1778,Q272560,en
1779,Q12512,en
1780,Q194207,en
1781,Q713750,en
1782,Q1011,en
1783,Q483959,en
1784,Q12506,en
1785,Q12176,en
1786,Q945,en
1787,Q80949,en
1788,Q51118,en
1789,Q846,en
1790,Q187549,en
1791,Q36678,en
1792,Q685,en
1793,Q1006,en
1794,Q13205,en
1795,Q359,en
1796,Q188559,en
1797,Q1629164,en
1798,Q481778,en
1799,Q2079,en
1800,Q1044,en
1801,Q11351,en
1802,Q24879,en
1803,Q217583,en
1804,Q5484,en
1805,Q191485,en
1806,Q11033,en
1807,Q937,en
1808,Q34266,en
1809,Q7313,en
1810,Q1203,en
1811,Q66477109,en
1812,Q1183,en
1813,Q160120,en
1814,Q13474305,en
1815,Q544,en
1816,Q645708,en
1817,Q372657,en
1818,Q11696,en
1819,Q34,en
1820,Q173998,en
1821,Q971,en
1822,Q392119,en
1823,Q68481,en
1824,Q735430,en
1825,Q44578,en
1826,Q501758,en
1827,Q3889,en
1828,Q43,en
1829,Q13096,en
1830,Q12183,en
1831,Q1781,en
1832,Q7174,en
1833,Q584,en
1834,Q239502,en
1835,Q133132,en
1836,Q618400,en
1837,Q332,en
1838,Q174825,en
1839,Q34201,en
1840,Q15789,en
1841,Q11393,en
1842,Q12501,en
1843,Q153770,en
1844,Q1996,en
1845,Q726146,en
1846,Q8054,en
1847,Q739,en
1848,Q711,en
1849,Q5083,en
1850,Q39121,en
1851,Q858,en
1852,Q769,en
1853,Q509284,en
1854,Q41576,en
1855,Q45368,en
1856,Q133356,en
1857,Q5831,en
1858,Q1489,en
1859,Q730,en
1860,Q351,en
1861,Q2235,en
1862,Q3933,en
1863,Q503585,en
1864,Q734,en
1865,Q488,en
1866,Q474200,en
1867,Q3820,en
1868,Q1365493,en
1869,Q232,en
1870,Q319,en
1871,Q9683,en
1872,Q5188,en
1873,Q727245,en
1874,Q1005,en
1875,Q113215,en
1876,Q7156,en
1877,Q7794,en
1878,Q187854,en
1879,Q219,en
1880,Q586,en
1881,Q115,en
1882,Q382861,en
1883,Q26463,en
1884,Q26,en
1885,Q157169,en
1886,Q2981,en
1887,Q811,en
1888,Q32112,en
1889,Q5268,en
1890,Q128115,en
1891,Q82268,en
1892,Q1156046,en
1893,Q17252,en
1894,Q44914,en
1895,Q3859,en
1896,Q5168,en
1897,Q193559,en
1898,Q128938,en
1899,Q216786,en
1900,Q11773777,en
1901,Q676203,en
1902,Q8209,en
1903,Q192541,en
1904,Q38234,en
1905,Q161210,en
1906,Q11739,en
1907,Q162867,en
1908,Q36704,en
1909,Q641,en
1910,Q11736,en
1911,Q41254,en
1912,Q640325,en
1913,Q987,en
1914,Q71,en
1915,Q103204,en
1916,Q2429253,en
1917,Q8442,en
1918,Q71084,en
1919,Q1107,en
1920,Q807,en
1921,Q161414,en
1922,Q133405,en
1923,Q970,en
1924,Q2077,en
1925,Q695,en
1926,Q19878,en
1927,Q51740,en
1928,Q333954,en
1929,Q69829,en
1930,Q7715973,en
1931,Q85,en
1932,Q204268,en
1933,Q15610,en
1934,Q2028,en
1935,Q2444884,en
1936,Q422662,en
1937,Q414,en
1938,Q16572,en
1939,Q174193,en
1940,Q786,en
1941,Q2277,en
1942,Q330988,en
1943,Q7619,en
1944,Q819,en
1945,Q1004,en
1946,Q11575,en
1947,Q18543,en
1948,Q918316,en
1949,Q33,en
1950,Q216243,en
1951,Q632212,en
1952,Q3142,en
1953,Q34600,en
1954,Q712728,en
1955,Q432,en
1956,Q155975,en
1957,Q406,en
1958,Q11184,en
1959,Q176772,en
1960,Q715162,en
1961,Q1722,en
1962,Q19675,en
1963,Q934700,en
1964,Q507,en
1965,Q912,en
1966,Q191130,en
1967,Q170072,en
1968,Q8932,en
1969,Q190464,en
1970,Q629,en
1971,Q699964,en
1972,Q128444,en
1973,Q2094,en
1974,Q62633,en
1975,Q8810,en
1976,Q96,en
1977,Q4100,en
1978,Q7172,en
1979,Q1968,en
1980,Q80034,en
1981,Q521902,en
1982,Q176132,en
1983,Q235,en
1984,Q494354,en
1985,Q174423,en
1986,Q11344,en
1987,Q866,en
1988,Q1748,en
1989,Q35572,en
1990,Q14048,en
1991,Q1854,en
1992,Q137271,en
1993,Q172579,en
1994,Q5292,en
1995,Q32141,en
1996,Q7264,en
1997,Q95,en
1998,Q790,en
1999,Q485,en
2000,Q25291,en
2001,Q5823,ja
2002,Q571033,ja
2003,Q7414,ja
2004,Q2280045,ja
2005,Q81294,ja
2006,Q35765,ja
2007,Q46,ja
2008,Q421253,ja
2009,Q51,ja
2010,Q132659,ja
2011,Q1860,ja
2012,Q203,ja
2013,Q46747,ja
2014,Q856089,ja
2015,Q12557,ja
2016,Q1493218,ja
2017,Q697,ja
2018,Q146790,ja
2019,Q127417,ja
2020,Q42979,ja
2021,Q200464,ja
2022,Q35094,ja
2023,Q928831,ja
2024,Q35500,ja
2025,Q42418,ja
2026,Q4917,ja
2027,Q186075,ja
2028,Q13957,ja
2029,Q1754,ja
2030,Q41621,ja
2031,Q18656,ja
2032,Q184843,ja
2033,Q195454,ja
2034,Q172,ja
2035,Q9202,ja
2036,Q153,ja
2037,Q30002,ja
2038,Q1811,ja
2039,Q252,ja
2040,Q918,ja
2041,Q173496,ja
2042,Q851,ja
2043,Q374365,ja
2044,Q1858,ja
2045,Q128570,ja
2046,Q1423657,ja
2047,Q187052,ja
2048,Q1474884,ja
2049,Q778,ja
2050,Q131694,ja
2051,Q13088,ja
2052,Q1041,ja
2053,Q92161,ja
2054,Q38,ja
2055,Q134494,ja
2056,Q1422,ja
2057,Q37951,ja
2058,Q193,ja
2059,Q79961,ja
2060,Q413,ja
2061,Q12980,ja
2062,Q4628,ja
2063,Q7033,ja
2064,Q23548,ja
2065,Q550,ja
2066,Q641362,ja
2067,Q37068,ja
2068,Q1406,ja
2069,Q238,ja
2070,Q23883,ja
2071,Q228,ja
2072,Q784,ja
2073,Q387066,ja
2074,Q18633,ja
2075,Q42211,ja
2076,Q83276,ja
2077,Q155,ja
2078,Q49117,ja
2079,Q8131,ja
2080,Q2487,ja
2081,Q6610,ja
2082,Q9129,ja
2083,Q16520,ja
2084,Q43296,ja
2085,Q487255,ja
2086,Q36288,ja
2087,Q185802,ja
2088,Q137816,ja
2089,Q45813,ja
2090,Q320967,ja
2091,Q1239,ja
2092,Q836,ja
2093,Q855,ja
2094,Q13091,ja
2095,Q241,ja
2096,Q264456,ja
2097,Q50056,ja
2098,Q265,ja
2099,Q59,ja
2100,Q2736,ja
2101,Q8201,ja
2102,Q696891,ja
2103,Q2283,ja
2104,Q25274,ja
2105,Q11772,ja
2106,Q1019,ja
2107,Q234510,ja
2108,Q18125,ja
2109,Q796,ja
2110,Q13008,ja
2111,Q152838,ja
2112,Q881,ja
2113,Q7341,ja
2114,Q184963,ja
2115,Q23792,ja
2116,Q5301,ja
2117,Q1045,ja
2118,Q49088,ja
2119,Q83320,ja
2120,Q10257,ja
2121,Q187702,ja
2122,Q41506,ja
2123,Q28567,ja
2124,Q4087,ja
2125,Q37643,ja
2126,Q657,ja
2127,Q525,ja
2128,Q82500,ja
2129,Q45700,ja
2130,Q712794,ja
2131,Q2773,ja
2132,Q99236,ja
2133,Q1754624,ja
2134,Q339,ja
2135,Q12562,ja
2136,Q189248,ja
2137,Q10460,ja
2138,Q612,ja
2139,Q132874,ja
2140,Q14268,ja
2141,Q42097,ja
2142,Q182865,ja
2143,Q678,ja
2144,Q1143333,ja
2145,Q12389,ja
2146,Q188694,ja
2147,Q182653,ja
2148,Q664,ja
2149,Q345,ja
2150,Q192733,ja
2151,Q220,ja
2152,Q483604,ja
2153,Q25282,ja
2154,Q180182,ja
2155,Q842,ja
2156,Q23350,ja
2157,Q270,ja
2158,Q2432,ja
2159,Q168713,ja
2160,Q49085,ja
2161,Q1792,ja
2162,Q9061,ja
2163,Q130754,ja
2164,Q1780,ja
2165,Q6837,ja
2166,Q200325,ja
2167,Q1865,ja
2168,Q313,ja
2169,Q8646,ja
2170,Q780442,ja
2171,Q7108,ja
2172,Q5146,ja
2173,Q20927,ja
2174,Q139921,ja
2175,Q683566,ja
2176,Q1049,ja
2177,Q1013,ja
2178,Q6691,ja
2179,Q41076,ja
2180,Q757,ja
2181,Q1156,ja
2182,Q312,ja
2183,Q4658,ja
2184,Q823591,ja
2185,Q456,ja
2186,Q44440,ja
2187,Q7781,ja
2188,Q740780,ja
2189,Q37340,ja
2190,Q2469,ja
2191,Q134301,ja
2192,Q2111,ja
2193,Q191788,ja
2194,Q35355,ja
2195,Q2407,ja
2196,Q18625,ja
2197,Q186012,ja
2198,Q18216,ja
2199,Q826,ja
2200,Q6403,ja
2201,Q184425,ja
2202,Q42780,ja
2203,Q12567,ja
2204,Q855198,ja
2205,Q2256,ja
2206,Q1486,ja
2207,Q869,ja
2208,Q106333,ja
2209,Q101452,ja
2210,Q9199,ja
2211,Q79897,ja
2212,Q225,ja
2213,Q26678,ja
2214,Q763,ja
2215,Q79965,ja
2216,Q5764,ja
2217,Q105570,ja
2218,Q69808,ja
2219,Q234025,ja
2220,Q7270,ja
2221,Q79911,ja
2222,Q733498,ja
2223,Q56036,ja
2224,Q12138,ja
2225,Q188439,ja
2226,Q8740,ja
2227,Q185264,ja
2228,Q183536,ja
2229,Q5813,ja
2230,Q485500,ja
2231,Q221734,ja
2232,Q18623,ja
2233,Q407473,ja
2234,Q10390,ja
2235,Q25290,ja
2236,Q155174,ja
2237,Q11254,ja
2238,Q596,ja
2239,Q80290,ja
2240,Q523469,ja
2241,Q297315,ja
2242,Q2843,ja
2243,Q6294,ja
2244,Q83303,ja
2245,Q235311,ja
2246,Q32,ja
2247,Q64,ja
2248,Q8134,ja
2249,Q15854651,ja
2250,Q712488,ja
2251,Q106123,ja
2252,Q712,ja
2253,Q204342,ja
2254,Q5165,ja
2255,Q3130,ja
2256,Q66,ja
2257,Q37129,ja
2258,Q244985,ja
2259,Q205922,ja
2260,Q490,ja
2261,Q1009,ja
2262,Q12126,ja
2263,Q833,ja
2264,Q3266236,ja
2265,Q75110,ja
2266,Q289,ja
2267,Q928,ja
2268,Q180012,ja
2269,Q936285,ja
2270,Q472,ja
2271,Q8093,ja
2272,Q483522,ja
2273,Q3838,ja
2274,Q750,ja
2275,Q16552,ja
2276,Q266923,ja
2277,Q7850,ja
2278,Q9326,ja
2279,Q8663,ja
2280,Q7462,ja
2281,Q2155,ja
2282,Q43070,ja
2283,Q12876,ja
2284,Q2599,ja
2285,Q1707,ja
2286,Q179691,ja
2287,Q11934,ja
2288,Q1055705,ja
2289,Q1030,ja
2290,Q79,ja
2291,Q35,ja
2292,Q1861,ja
2293,Q49,ja
2294,Q150812,ja
2295,Q1055,ja
2296,Q170174,ja
2297,Q207316,ja
2298,Q39864,ja
2299,Q188163,ja
2300,Q2831,ja
2301,Q5468,ja
2302,Q193461,ja
2303,Q45792,ja
2304,Q1988,ja
2305,Q1246,ja
2306,Q178481,ja
2307,Q347,ja
2308,Q3033,ja
2309,Q70802,ja
2310,Q15777,ja
2311,Q7813,ja
2312,Q16554,ja
2313,Q49628,ja
2314,Q1197298,ja
2315,Q158940,ja
2316,Q37122,ja
2317,Q9089,ja
2318,Q2088,ja
2319,Q80978,ja
2320,Q518169,ja
2321,Q13298,ja
2322,Q57055,ja
2323,Q7860,ja
2324,Q7747,ja
2325,Q2025,ja
2326,Q33946,ja
2327,Q2091482,ja
2328,Q7838,ja
2329,Q15645384,ja
2330,Q30,ja
2331,Q805,ja
2332,Q23438,ja
2333,Q1993476,ja
2334,Q242803,ja
2335,Q3897,ja
2336,Q215,ja
2337,Q17139,ja
2338,Q39231,ja
2339,Q269,ja
2340,Q154849,ja
2341,Q253414,ja
2342,Q3616,ja
2343,Q60235,ja
2344,Q81931,ja
2345,Q17070,ja
2346,Q1995,ja
2347,Q1055893,ja
2348,Q25271,ja
2349,Q41187,ja
2350,Q749,ja
2351,Q2145,ja
2352,Q83891,ja
2353,Q186572,ja
2354,Q882,ja
2355,Q1418,ja
2356,Q1036,ja
2357,Q4692,ja
2358,Q156312,ja
2359,Q111,ja
2360,Q1353,ja
2361,Q8686,ja
2362,Q12560,ja
2363,Q617,ja
2364,Q8008,ja
2365,Q16635,ja
2366,Q228389,ja
2367,Q92258250,ja
2368,Q7204,ja
2369,Q943,ja
2370,Q1631090,ja
2371,Q7272,ja
2372,Q244,ja
2373,Q712701,ja
2374,Q9684,ja
2375,Q21196,ja
2376,Q26075,ja
2377,Q2695156,ja
2378,Q9581,ja
2379,Q1990,ja
2380,Q7661,ja
2381,Q14773,ja
2382,Q48189,ja
2383,Q13706,ja
2384,Q517,ja
2385,Q210548,ja
2386,Q2236203,ja
2387,Q143,ja
2388,Q18389,ja
2389,Q13371,ja
2390,Q460584,ja
2391,Q1359568,ja
2392,Q180,ja
2393,Q1731,ja
2394,Q2341090,ja
2395,Q173034,ja
2396,Q8766,ja
2397,Q1575,ja
2398,Q192055,ja
2399,Q478595,ja
2400,Q162345,ja
2401,Q1987,ja
2402,Q2868,ja
2403,Q5151,ja
2404,Q11725,ja
2405,Q32746,ja
2406,Q131572,ja
2407,Q163820,ja
2408,Q9325,ja
2409,Q25475,ja
2410,Q233,ja
2411,Q183,ja
2412,Q905750,ja
2413,Q6206,ja
2414,Q129677,ja
2415,Q190117,ja
2416,Q212,ja
2417,Q41329,ja
2418,Q712477,ja
2419,Q2002,ja
2420,Q1461,ja
2421,Q4653,ja
2422,Q696242,ja
2423,Q172640,ja
2424,Q9068,ja
2425,Q19085,ja
2426,Q6465,ja
2427,Q12013,ja
2428,Q407431,ja
2429,Q34713,ja
2430,Q2014,ja
2431,Q58024,ja
2432,Q231218,ja
2433,Q1042,ja
2434,Q611552,ja
2435,Q12975,ja
2436,Q361,ja
2437,Q55643,ja
2438,Q14116,ja
2439,Q7209,ja
2440,Q320670,ja
2441,Q716,ja
2442,Q29913,ja
2443,Q8434,ja
2444,Q258,ja
2445,Q11255,ja
2446,Q27306,ja
2447,Q190795,ja
2448,Q161376,ja
2449,Q1033,ja
2450,Q117,ja
2451,Q6074,ja
2452,Q1647,ja
2453,Q5310,ja
2454,Q79037,ja
2455,Q584905,ja
2456,Q308950,ja
2457,Q37100,ja
2458,Q188822,ja
2459,Q8475,ja
2460,Q550596,ja
2461,Q173136,ja
2462,Q37587,ja
2463,Q22880,ja
2464,Q878,ja
2465,Q408668,ja
2466,Q38799,ja
2467,Q45,ja
2468,Q9401,ja
2469,Q77,ja
2470,Q1191688,ja
2471,Q142,ja
2472,Q717,ja
2473,Q217230,ja
2474,Q42956,ja
2475,Q849477,ja
2476,Q6927,ja
2477,Q1994,ja
2478,Q1996007,ja
2479,Q736,ja
2480,Q34852,ja
2481,Q223,ja
2482,Q48175,ja
2483,Q201,ja
2484,Q133274,ja
2485,Q12536,ja
2486,Q8268,ja
2487,Q47690,ja
2488,Q774,ja
2489,Q408,ja
2490,Q262,ja
2491,Q153136,ja
2492,Q7184,ja
2493,Q24639,ja
2494,Q53268,ja
2495,Q142539,ja
2496,Q2251,ja
2497,Q9589,ja
2498,Q897,ja
2499,Q243354,ja
2500,Q1027,ja
2501,Q405497,ja
2502,Q9588,ja
2503,Q1543,ja
2504,Q81571,ja
2505,Q189298,ja
2506,Q46242,ja
2507,Q4576,ja
2508,Q1985,ja
2509,Q56037,ja
2510,Q924,ja
2511,Q136484,ja
2512,Q355,ja
2513,Q800,ja
2514,Q170603,ja
2515,Q2019,ja
2516,Q178473,ja
2517,Q174396,ja
2518,Q84090,ja
2519,Q42622,ja
2520,Q11438,ja
2521,Q9598,ja
2522,Q1161666,ja
2523,Q4118,ja
2524,Q49108,ja
2525,Q1039,ja
2526,Q2978,ja
2527,Q1718656,ja
2528,Q739711,ja
2529,Q576338,ja
2530,Q1711,ja
2531,Q505654,ja
2532,Q35216,ja
2533,Q2415901,ja
2534,Q542767,ja
2535,Q1930,ja
2536,Q8683,ja
2537,Q2425,ja
2538,Q101935,ja
2539,Q48240,ja
2540,Q337535,ja
2541,Q917,ja
2542,Q858338,ja
2543,Q189823,ja
2544,Q3138,ja
2545,Q170322,ja
2546,Q3012,ja
2547,Q65,ja
2548,Q8242,ja
2549,Q319831,ja
2550,Q30623,ja
2551,Q574,ja
2552,Q60,ja
2553,Q39193,ja
2554,Q206921,ja
2555,Q143821,ja
2556,Q24826,ja
2557,Q41213,ja
2558,Q1741,ja
2559,Q42807,ja
2560,Q297871,ja
2561,Q2280,ja
2562,Q3920,ja
2563,Q1091,ja
2564,Q46118,ja
2565,Q14112,ja
2566,Q2084,ja
2567,Q36747,ja
2568,Q106583,ja
2569,Q131612,ja
2570,Q758,ja
2571,Q16644,ja
2572,Q23311,ja
2573,Q6534,ja
2574,Q26298,ja
2575,Q161904,ja
2576,Q187830,ja
2577,Q28513,ja
2578,Q47611,ja
2579,Q1020,ja
2580,Q131454,ja
2581,Q16950,ja
2582,Q159386,ja
2583,Q983,ja
2584,Q33680,ja
2585,Q11759,ja
2586,Q22686,ja
2587,Q9141,ja
2588,Q20934,ja
2589,Q420,ja
2590,Q171877,ja
2591,Q49210,ja
2592,Q13076,ja
2593,Q21,ja
2594,Q2944360,ja
2595,Q963,ja
2596,Q324,ja
2597,Q6550,ja
2598,Q41283,ja
2599,Q29999,ja
2600,Q889,ja
2601,Q15718,ja
2602,Q1770,ja
2603,Q14960,ja
2604,Q319531,ja
2605,Q415563,ja
2606,Q51624,ja
2607,Q861888,ja
2608,Q42262,ja
2609,Q780,ja
2610,Q691,ja
2611,Q967,ja
2612,Q891,ja
2613,Q2634,ja
2614,Q1016,ja
2615,Q483938,ja
2616,Q464200,ja
2617,Q209538,ja
2618,Q37470,ja
2619,Q702,ja
2620,Q62651,ja
2621,Q48320,ja
2622,Q212056,ja
2623,Q781,ja
2624,Q16952,ja
2625,Q1142035,ja
2626,Q12554,ja
2627,Q7817,ja
2628,Q1998,ja
2629,Q38918,ja
2630,Q585,ja
2631,Q151622,ja
2632,Q601,ja
2633,Q11764,ja
2634,Q185905,ja
2635,Q184292,ja
2636,Q190353,ja
2637,Q2476,ja
2638,Q70972,ja
2639,Q708789,ja
2640,Q7787,ja
2641,Q915,ja
2642,Q172107,ja
2643,Q14041,ja
2644,Q154720,ja
2645,Q47512,ja
2646,Q1963,ja
2647,Q942187,ja
2648,Q2083,ja
2649,Q35493,ja
2650,Q40984,ja
2651,Q174009,ja
2652,Q531,ja
2653,Q1007,ja
2654,Q925,ja
2655,Q13084,ja
2656,Q177524,ja
2657,Q161053,ja
2658,Q291301,ja
2659,Q23768,ja
2660,Q2331,ja
2661,Q9960,ja
2662,Q710,ja
2663,Q3496556,ja
2664,Q139380,ja
2665,Q51615,ja
2666,Q5826,ja
2667,Q39018,ja
2668,Q6602,ja
2669,Q131416,ja
2670,Q989,ja
2671,Q31945,ja
2672,Q1394,ja
2673,Q698,ja
2674,Q215443,ja
2675,Q5859,ja
2676,Q36,ja
2677,Q27275,ja
2678,Q254,ja
2679,Q169134,ja
2680,Q689141,ja
2681,Q2173,ja
2682,Q47543,ja
2683,Q170314,ja
2684,Q1085,ja
2685,Q122131,ja
2686,Q17,ja
2687,Q230791,ja
2688,Q159709,ja
2689,Q2100,ja
2690,Q4461035,ja
2691,Q71719,ja
2692,Q32491,ja
2693,Q1370,ja
2694,Q4970,ja
2695,Q162691,ja
2696,Q154255,ja
2697,Q9903,ja
2698,Q5372,ja
2699,Q1088283,ja
2700,Q1850,ja
2701,Q36633,ja
2702,Q11767,ja
2703,Q649,ja
2704,Q337097,ja
2705,Q1029902,ja
2706,Q84,ja
2707,Q3884,ja
2708,Q25,ja
2709,Q43453,ja
2710,Q23427,ja
2711,Q334,ja
2712,Q456157,ja
2713,Q483551,ja
2714,Q3630,ja
2715,Q9334,ja
2716,Q3427,ja
2717,Q12548,ja
2718,Q209380,ja
2719,Q5743,ja
2720,Q38964,ja
2721,Q208324,ja
2722,Q484458,ja
2723,Q16410,ja
2724,Q296187,ja
2725,Q941127,ja
2726,Q552581,ja
2727,Q34217,ja
2728,Q340,ja
2729,Q42884,ja
2730,Q23488,ja
2731,Q384544,ja
2732,Q170919,ja
2733,Q251868,ja
2734,Q189,ja
2735,Q842794,ja
2736,Q29552,ja
2737,Q929,ja
2738,Q10288,ja
2739,Q2087,ja
2740,Q39,ja
2741,Q9916,ja
2742,Q843,ja
2743,Q1040,ja
2744,Q2005,ja
2745,Q106039,ja
2746,Q1523,ja
2747,Q109374,ja
2748,Q473845,ja
2749,Q6567,ja
2750,Q12457,ja
2751,Q323,ja
2752,Q9149,ja
2753,Q9240,ja
2754,Q34370,ja
2755,Q171477,ja
2756,Q21199,ja
2757,Q50265665,ja
2758,Q57965,ja
2759,Q170468,ja
2760,Q7318,ja
2761,Q23767,ja
2762,Q956,ja
2763,Q152,ja
2764,Q5112,ja
2765,Q118398,ja
2766,Q907112,ja
2767,Q200,ja
2768,Q419,ja
2769,Q817,ja
2770,Q202763,ja
2771,Q2150,ja
2772,Q459,ja
2773,Q29540,ja
2774,Q19848,ja
2775,Q2439,ja
2776,Q716566,ja
2777,Q159,ja
2778,Q272560,ja
2779,Q12512,ja
2780,Q194207,ja
2781,Q713750,ja
2782,Q1011,ja
2783,Q483959,ja
2784,Q12506,ja
2785,Q12176,ja
2786,Q945,ja
2787,Q80949,ja
2788,Q51118,ja
2789,Q846,ja
2790,Q187549,ja
2791,Q36678,ja
2792,Q685,ja
2793,Q1006,ja
2794,Q13205,ja
2795,Q359,ja
2796,Q188559,ja
2797,Q1629164,ja
2798,Q481778,ja
2799,Q2079,ja
2800,Q1044,ja
2801,Q11351,ja
2802,Q24879,ja
2803,Q217583,ja
2804,Q5484,ja
2805,Q191485,ja
2806,Q11033,ja
2807,Q937,ja
2808,Q34266,ja
2809,Q7313,ja
2810,Q1203,ja
2811,Q66477109,ja
2812,Q1183,ja
2813,Q160120,ja
2814,Q13474305,ja
2815,Q544,ja
2816,Q645708,ja
2817,Q372657,ja
2818,Q11696,ja
2819,Q34,ja
2820,Q173998,ja
2821,Q971,ja
2822,Q392119,ja
2823,Q68481,ja
2824,Q735430,ja
2825,Q44578,ja
2826,Q501758,ja
2827,Q3889,ja
2828,Q43,ja
2829,Q13096,ja
2830,Q12183,ja
2831,Q1781,ja
2832,Q7174,ja
2833,Q584,ja
2834,Q239502,ja
2835,Q133132,ja
2836,Q618400,ja
2837,Q332,ja
2838,Q174825,ja
2839,Q34201,ja
2840,Q15789,ja
2841,Q11393,ja
2842,Q12501,ja
2843,Q153770,ja
2844,Q1996,ja
2845,Q726146,ja
2846,Q8054,ja
2847,Q739,ja
2848,Q711,ja
2849,Q5083,ja
2850,Q39121,ja
2851,Q858,ja
2852,Q769,ja
2853,Q509284,ja
2854,Q41576,ja
2855,Q45368,ja
2856,Q133356,ja
2857,Q5831,ja
2858,Q1489,ja
2859,Q730,ja
2860,Q351,ja
2861,Q2235,ja
2862,Q3933,ja
2863,Q503585,ja
2864,Q734,ja
2865,Q488,ja
2866,Q474200,ja
2867,Q3820,ja
2868,Q1365493,ja
2869,Q232,ja
2870,Q319,ja
2871,Q9683,ja
2872,Q5188,ja
2873,Q727245,ja
2874,Q1005,ja
2875,Q113215,ja
2876,Q7156,ja
2877,Q7794,ja
2878,Q187854,ja
2879,Q219,ja
2880,Q586,ja
2881,Q115,ja
2882,Q382861,ja
2883,Q26463,ja
2884,Q26,ja
2885,Q157169,ja
2886,Q2981,ja
2887,Q811,ja
2888,Q32112,ja
2889,Q5268,ja
2890,Q128115,ja
2891,Q82268,ja
2892,Q1156046,ja
2893,Q17252,ja
2894,Q44914,ja
2895,Q3859,ja
2896,Q5168,ja
2897,Q193559,ja
2898,Q128938,ja
2899,Q216786,ja
2900,Q11773777,ja
2901,Q676203,ja
2902,Q8209,ja
2903,Q192541,ja
2904,Q38234,ja
2905,Q161210,ja
2906,Q11739,ja
2907,Q162867,ja
2908,Q36704,ja
2909,Q641,ja
2910,Q11736,ja
2911,Q41254,ja
2912,Q640325,ja
2913,Q987,ja
2914,Q71,ja
2915,Q103204,ja
2916,Q2429253,ja
2917,Q8442,ja
2918,Q71084,ja
2919,Q1107,ja
2920,Q807,ja
2921,Q161414,ja
2922,Q133405,ja
2923,Q970,ja
2924,Q2077,ja
2925,Q695,ja
2926,Q19878,ja
2927,Q51740,ja
2928,Q333954,ja
2929,Q69829,ja
2930,Q7715973,ja
2931,Q85,ja
2932,Q204268,ja
2933,Q15610,ja
2934,Q2028,ja
2935,Q2444884,ja
2936,Q422662,ja
2937,Q414,ja
2938,Q16572,ja
2939,Q174193,ja
2940,Q786,ja
2941,Q2277,ja
2942,Q330988,ja
2943,Q7619,ja
2944,Q819,ja
2945,Q1004,ja
2946,Q11575,ja
2947,Q18543,ja
2948,Q918316,ja
2949,Q33,ja
2950,Q216243,ja
2951,Q632212,ja
2952,Q3142,ja
2953,Q34600,ja
2954,Q712728,ja
2955,Q432,ja
2956,Q155975,ja
2957,Q406,ja
2958,Q11184,ja
2959,Q176772,ja
2960,Q715162,ja
2961,Q1722,ja
2962,Q19675,ja
2963,Q934700,ja
2964,Q507,ja
2965,Q912,ja
2966,Q191130,ja
2967,Q170072,ja
2968,Q8932,ja
2969,Q190464,ja
2970,Q629,ja
2971,Q699964,ja
2972,Q128444,ja
2973,Q2094,ja
2974,Q62633,ja
2975,Q8810,ja
2976,Q96,ja
2977,Q4100,ja
2978,Q7172,ja
2979,Q1968,ja
2980,Q80034,ja
2981,Q521902,ja
2982,Q176132,ja
2983,Q235,ja
2984,Q494354,ja
2985,Q174423,ja
2986,Q11344,ja
2987,Q866,ja
2988,Q1748,ja
2989,Q35572,ja
2990,Q14048,ja
2991,Q1854,ja
2992,Q137271,ja
2993,Q172579,ja
2994,Q5292,ja
2995,Q32141,ja
2996,Q7264,ja
2997,Q95,ja
2998,Q790,ja
2999,Q485,ja
3000,Q25291,ja